link,text,user,date,is_retweet,comments,retweets,quotes,likes,images,video,gifs,topic
https://twitter.com/Mobiloff_NET/status/1733873195441119253#m,"December 9, 2023. Red alert declared in Limache and #VillaAlemana (#Chile) The #forestfire came close to populated areas. Hundreds of residents fled their homes.  ğŸ” watch the forum â€œGlobal crisis. The Responsibilityâ€",Sergey Sergeev,"Dec 10, 2023 Â· 3:35 PM UTC",False,0,0,0,1,,https://video.twimg.com/ext_tw_video/1733873164843630592/pu/vid/avc1/720x720/_TkqTQu0L2JKtnxw.mp4?tag=12,,#forestfire
https://twitter.com/BenetechsUS/status/1732027562895827350#m,"Our Disaster Planning & Recovery Services are needed before, during, & after all #NaturalDisasters   ARE YOU & YOUR EMPLOYEES  PREPARED?   https://www.gisandco.com/disaster-response #DisasterPreparedness #Business #Associations #Tornado #Flood #ForestFire #Earthquake #Benefits #Employers #Risk",BeneTechs,"Dec 5, 2023 Â· 1:22 PM UTC",False,0,0,0,0,https://pbs.twimg.com/media/GAll38VXYAEIANO.jpg,,,#forestfire
https://twitter.com/galen911165700/status/1731832791455744477#m,"""Portrait Of A Killer""  ""Killer Tree"" tagged by the US Forest Service to be removed after a fire... Lincoln National Forest...  Angus New Mexico USA...  #Black #Burned #Charred #Destroyed #ForestFire #Killer #Photography #Tree #Wildfire",Galen911,"Dec 5, 2023 Â· 12:28 AM UTC",False,0,0,0,0,https://pbs.twimg.com/media/GAi0rdaboAApfdK.jpg,,,#forestfire
https://twitter.com/Irisheyes_1114/status/1699757448087609377#m,The smoke is unreal this morning #forestfire #anotherforestfire,Jenny DğŸ‘©ğŸ»â€âš•ï¸ğŸ€,"Sep 7, 2023 Â· 12:12 PM UTC",False,0,0,0,0,,,,#forestfire
https://twitter.com/BrianEdwardRoth/status/1696188541674373599#m,Volunteering in Ukraine. Supporting International Humanitarian Mine Action in forests of former conflict zones. ForestRelease.org https://www.paypal.com/paypalme/forestrelease #ukrainewar #climatechange #forestfire #landmines #resilience #explosive #eod #forest,Brian Edward Roth,"Aug 28, 2023 Â· 3:50 PM UTC",False,1,1,0,3,,https://video.twimg.com/ext_tw_video/1696188465061179393/pu/vid/1280x720/QSrZZ3Nv_GfzXp_w.mp4?tag=12,,#forestfire
https://twitter.com/CoastalCalm_BC/status/1693831494425563546#m,"Mowat Bay park, British Columbia, Canada, so sad to see this much smoke rolling through. the fires are far away but its still scary. I can't imagine what some people are going through that have lost everything.  #photography #photooftheday #forestfire #BritishColumbia",Shane Greaves,"Aug 22, 2023 Â· 3:44 AM UTC",False,0,0,0,2,https://pbs.twimg.com/media/F4GyxIoa4AA362k.jpg,,,#forestfire
https://twitter.com/YouTravel/status/1693378700145041506#m,During the Emergency Services #forestfire #evacuation overflow station 2017 we had very few gas cards to give evacuees. Even more critical now? https://www.langleyadvancetimes.com/community/volunteers-at-cloverdale-evacuation-centre-take-the-heat-off-of-wildfire-evacuees/,Ursula Maxwell Travels,"Aug 20, 2023 Â· 9:45 PM UTC",False,0,0,0,1,,,,#forestfire
https://twitter.com/TheOnlyJQuon/status/1692328835327688963#m,"Wildfire smoke plume visible from my backyard in Ladysmith, BC.  The North Shore mountains are visible on the horizon, the smoke plume is a ways behind them.  My guess is one of the fires I circled on the map of Southern British ColumbiağŸ—ºï¸ ğŸ”¥ #wildfires #forestfire #BCWildfire",Jason Clarke ğŸ‡ºğŸ‡¦ ğŸ‡¨ğŸ‡¦,"Aug 18, 2023 Â· 12:13 AM UTC",False,0,0,0,1,https://pbs.twimg.com/media/F3xcGTvbYAAZs4m.jpg,,,#forestfire
https://twitter.com/RyanVoutilainen/status/1687650158832713733#m,"#SourdoughFire in the N #Cascades in #WA,  very visible from many locations across the state and in #BC #Wildfire #ForestFire #Pyrocumulus #WhatcomCounty #WAwx",Ryan Voutilainen ğŸ‡¨ğŸ‡¦ğŸ‡«ğŸ‡®,"Aug 5, 2023 Â· 2:22 AM UTC",False,0,12,0,22,,,,#forestfire
https://twitter.com/RyanVoutilainen/status/1687633430266478593#m,More of what looks like now a #Pyrocumulonimbus cloud as a result of the #sourdoughfire near #DiabloLake in the N #Cascades  Anyone in #BC see it? Lemme know.   #WAwx #BCstorm #ForestFire #Wildfire,Ryan Voutilainen ğŸ‡¨ğŸ‡¦ğŸ‡«ğŸ‡®,"Aug 5, 2023 Â· 1:15 AM UTC",False,4,1,0,23,,,,#forestfire
https://twitter.com/RyanVoutilainen/status/1687331058164047872#m,Ughâ€¦ this is such a beautiful area. Saw #DiableLake #WA in the #NorthCascades of #WashingtonState this spring.  The @ForestServiceNW expecting this #wildfire may last until autumn. Our busiest #ForestFire month is here in the #PNW & #BC #ShareYourWeather #WAdrought #BCdrought,Ryan Voutilainen ğŸ‡¨ğŸ‡¦ğŸ‡«ğŸ‡®,"Aug 4, 2023 Â· 5:14 AM UTC",False,1,2,0,12,,,,#forestfire
https://twitter.com/johnocomedy/status/1686459528848490498#m,"Big fire just east of Bastrop on the north side of US 71 about 2 PM today August 1, 2023 #fire #bastropfire #texas #forestfire #brushfire #BreakingNews",John O'Connell,"Aug 1, 2023 Â· 7:30 PM UTC",False,4,2,0,10,,https://video.twimg.com/ext_tw_video/1686458836071198720/pu/vid/1280x720/kSbnPup_E9w3o6sl.mp4?tag=12,,#forestfire
https://twitter.com/queergranddad/status/1675276597979643904#m,Residents of Kelownaâ€™s Knox Mountain have been evacuated. Windy conditions are making it worse. #forestfire https://infotel.ca/newsitem/knox-mountain-in-kelowna-is-on-fire/it99187?fbclid=IwAR06KIPAnTHXCIiIYrqQylRVEgwYdKpxvaykaf8NxOoGkvYYUe1xLyJuXSk_aem_AfHG_AS2P-AkuLQ0_o-aJltmhVBCybv0BuwtMQfaUs6MfSW9KiKiwlu7DgLWMZifJlE&mibextid=Zxz2cZ,Wilbur Turner ğŸ‡¨ğŸ‡¦ğŸ³ï¸â€ğŸŒˆğŸ³ï¸â€âš§ï¸,"Jul 1, 2023 Â· 10:54 PM UTC",False,1,2,0,1,,,,#forestfire
https://twitter.com/rud_zzzz/status/1675273591909130241#m,With All that rain falling on #Quebec today â€¦ I truly hope that all the fires are finally out. #forestfire #fire #montreal #HappyCanadaDay,RudZzzz,"Jul 1, 2023 Â· 10:42 PM UTC",False,0,0,0,2,,https://video.twimg.com/ext_tw_video/1675273571369664514/pu/vid/368x656/Q9XEn-KMeU176woJ.mp4?tag=12,,#forestfire
https://twitter.com/ArtOfTed/status/1673881311088459776#m,Hazy day here in Wisconsin. #forestfire,Ted Balmer ğŸ§¸,"Jun 28, 2023 Â· 2:29 AM UTC",False,0,1,0,1,https://pbs.twimg.com/media/FzrSLUWWcAIpK9q.jpg,,,#forestfire
https://twitter.com/RyanVoutilainen/status/1668051463463944193#m,Friend Jo working near BCâ€™s biggest #wildfire and second largest in BC history: the #DonnieCreek Fire   (Oh and follow Jo if you arenâ€™t already!)  #BCwildfire #BCwx #BCstorm #ForestFire,Ryan Voutilainen ğŸ‡¨ğŸ‡¦ğŸ‡«ğŸ‡®,"Jun 12, 2023 Â· 12:23 AM UTC",False,1,1,1,4,,,,#forestfire
https://twitter.com/kim_hair/status/1666877958449922063#m,So this company can make rain when needed. If this can be done why are we not tapping into this technology for the forest fires? #forestfire #firefighter #DougFord #JustinTrudeau https://fb.watch/l1SwxZczTv/?mibextid=6aamW6,Kim,"Jun 8, 2023 Â· 6:40 PM UTC",False,0,0,0,0,,,,#forestfire
https://twitter.com/johnnybebad666_/status/1666512380442845218#m,âš ï¸ğŸŒ«Home in my apartment at the Kira  153-24 90th Rd 9C Queens NY 11432ğŸŒ«âš ï¸ I think the Canadian Wildfire smoke is working its way inside structures and buildings decipher the picture #Health #forestfire #FDNY #engineering #HVAC,John Fitzgerald Kennedy PageÂ®,"Jun 7, 2023 Â· 6:28 PM UTC",False,0,0,0,0,https://pbs.twimg.com/media/FyCkLX1XsAEqUYI.jpg,,,#forestfire
https://twitter.com/RyanVoutilainen/status/1666443110660952064#m,"For those on #VanIsle looking to head to the #PortAlberni/#Tofino or head back, #BChwy4 near #CameronLake east of #CatherdralGrove remains closed due to a #ForestFireâ€¦  @DriveBC for all #BChwy closures, etc. Their next update at 9am, 7 June.  #BCwildfire #BCFire",Ryan Voutilainen ğŸ‡¨ğŸ‡¦ğŸ‡«ğŸ‡®,"Jun 7, 2023 Â· 1:52 PM UTC",False,1,3,1,7,,,,#forestfire
https://twitter.com/RobertBraggs/status/1666273729117028353#m,Can you see the sunspots in the sun? Did you know those very spots can be as large as four times the size of the earth.   #sunspots #sun #haze #canadafire #forestfire #findingrb #gfx100 #gf250,Robert Braggs III,"Jun 7, 2023 Â· 2:39 AM UTC",False,0,0,0,0,https://pbs.twimg.com/media/Fx_LIFnX0AAg7MO.jpg,,,#forestfire
https://twitter.com/RiddellArchives/status/1666263474102579201#m,Forest fires near #Ottawa ğŸ‡¨ğŸ‡¦ #Canada sending air quality index at its lowest. Image from my window. The 1st image you can see sunspots. 7:20 pm 6 June 2023 sun setting @weathernetwork #onstorm @NatGeo #smoke #fire #sun #sunset #forestfire #airquality,Andrew Riddell ğŸ‡¨ğŸ‡¦,"Jun 7, 2023 Â· 1:59 AM UTC",False,0,0,0,10,https://pbs.twimg.com/media/Fx_BzCVWYAEORsk.jpg,,,#forestfire
https://twitter.com/EmilyFarina5/status/1666140472601870341#m,#forestfire smoke casts a pall over Oakville today. @weathernetwork #WeatherAlert #ClimateActionNow,Emily Farina,"Jun 6, 2023 Â· 5:50 PM UTC",False,1,0,0,3,https://pbs.twimg.com/media/Fx9R7AzXoAAZ96p.jpg,,,#forestfire
https://twitter.com/land_fisher/status/1666056987744894976#m,"First I thought it was fog, then I thought people had turned on their heat because I could smell wood burning #forestfire #wildfires #ontario #quebec #weather #ottawa",Sharon Land Fisher,"Jun 6, 2023 Â· 12:18 PM UTC",False,1,2,0,2,https://pbs.twimg.com/media/Fx8F_u8XsAA95-z.jpg,,,#forestfire
https://twitter.com/KatherineDines/status/1665720085917343747#m,If youâ€™re wondering why itâ€™s so hazy in Ottawaâ€¦ ğŸ”¥  Forest fire at Centennial Lake near Calabogie!   #Ottawa #ForestFire,Katherine Dines,"Jun 5, 2023 Â· 1:59 PM UTC",False,11,21,3,54,,,,#forestfire
https://twitter.com/NorthernBruceFD/status/1664963208291971074#m,#NBPFD has received multiple reports of a possible #ForestFire in the #LionsHead area on both shorelines. It has been determined that the smoke being seen is fog and the smell of smoke is from #Wildfires in Northern Ontario & Western Canada. #NorthernBrucePeninsula #FireSafety,Northern Bruce Peninsula Fire & Emergency Services,"Jun 3, 2023 Â· 11:52 AM UTC",False,0,3,0,7,https://pbs.twimg.com/media/FxsjNOYWwAgTD5L.jpg,,,#forestfire
https://twitter.com/WoahVinnie/status/1663688653380673536#m,Smoke from Canada ğŸ‡¨ğŸ‡¦ Its crazy how dense it is. The smell to is pretty wild! #ForestFire #NovaScotia #NovaScotiaFires,WoahVinnie,"May 30, 2023 Â· 11:27 PM UTC",False,0,0,0,0,https://pbs.twimg.com/media/FxacARNWYAA5EGR.jpg,,,#forestfire
https://twitter.com/TashaLeeAndCrew/status/1660667613960355841#m,Lake that I REALLY wish I could remember the name of in Jasper National Park on a smoky day in the mountains.  #forestfire #smoke #beautiful #lake #trees #valley,Tasha Lee,"May 22, 2023 Â· 3:23 PM UTC",False,0,0,0,0,https://pbs.twimg.com/media/FwvgZG5aQAAazmE.jpg,,,#forestfire
https://twitter.com/leaferi/status/1659481348049113088#m,Washington State Smoke Information â€”  helpful site I wish I didnâ€™t feel ought share.ğŸŒ²ğŸŒ²ğŸ”¥ğŸŒ²  https://wasmoke.blogspot.com/?m=1 #PNW #Seattle #Shoreline #Edmonds #ClimateChange #Smoke #ForestFire #SmokeSeason,Kirsten L. Schneider (blue-check because lazy),"May 19, 2023 Â· 8:49 AM UTC",False,0,0,0,0,,,,#forestfire
https://twitter.com/paddlenwave/status/1658630992163393536#m,You can taste the air.   #yyc #forestfire,paddlenwave ğŸğŸ›¶ğŸ (she/ her),"May 17, 2023 Â· 12:30 AM UTC",False,0,0,0,0,https://pbs.twimg.com/media/FwSkGQXagAA9244.jpg,,,#forestfire
https://twitter.com/jarvispelletier/status/1658625163955683328#m,Dusty...now smokey #forestfire #sask,Jarvi,"May 17, 2023 Â· 12:07 AM UTC",False,0,0,0,1,https://pbs.twimg.com/media/FwSeyj4WwAEb0Gr.jpg,,,#forestfire
https://twitter.com/geekchef/status/1658475744220295168#m,"Not only can you see the #smoke here, you can smell it! #goodmorning from the shores of the Red River.   #forestfire #manitoba #winnipeg #sunrise #photography #urban",Pat Murphy ğŸ‡¨ğŸ‡¦ ğŸ‡ºğŸ‡¦ ğŸ•,"May 16, 2023 Â· 2:13 PM UTC",False,0,3,0,16,https://pbs.twimg.com/media/FwQW5KraYAEEVJv.jpg,,,#forestfire
https://twitter.com/tjkennedyphoto/status/1656416057849188353#m,Alberta Wildfires in Photos    https://invidious.no-logs.com/dXBIXsNVPdQ #ABWildfire #abwildfires #forestfire #photographypodcast #youtubepodcasts #exposuretherapy,T.J. Kennedy - Alberta's Conservative Creative,"May 10, 2023 Â· 9:48 PM UTC",False,0,1,0,0,,,,#forestfire
https://twitter.com/tjkennedyphoto/status/1654729917509271552#m,"Wildfire southeast of Sturgeon Lake in Alberta, Canada on Fri. May 5th, 2023.  Alberta has fires all over the province today.  This is the view from Valleyview.  #alberta #ABwildfire #sturgeonlake #canada #forestfire #ABstorm @ABDanielleSmith",T.J. Kennedy - Alberta's Conservative Creative,"May 6, 2023 Â· 6:08 AM UTC",False,6,14,3,35,,https://video.twimg.com/ext_tw_video/1654729602999418881/pu/vid/1280x720/VO_sTb5Z5BwQh8gw.mp4?tag=12,,#forestfire
https://twitter.com/TruckeeFire/status/1648750068164612096#m,We are releasing up to $1 million to the community to support enhanced forest management & wildfire risk mitigation projects this year thanks to Measure T funding. Help us spread the word & keep our community #FIRESAFE #nature #smoke #forestfire #wildlandfire #californiafires,Truckee Fire,"Apr 19, 2023 Â· 6:07 PM UTC",False,0,0,0,1,,,,#forestfire
https://twitter.com/BhabaniSankarT5/status/1635979312540323841#m,to get the opportunity to meet Sara Wu.  #IVLP #SingleCountryProgram #America #ClimateChange #BioDiversityMatters #india #forestfire #forestlife #ForestDepartment #OdishaNews #portlandoregon #worldforestry World Forestry Center,Bhabani Sankar Tripathy,"Mar 15, 2023 Â· 12:20 PM UTC",False,1,0,0,5,,,,#forestfire
https://twitter.com/davidwfloydart/status/1614985331513888768#m,"This fawn and bobcat were found in an office together, cuddling under a desk after a forest fire ğŸ”¥ #fawn #bobcat #interspecieslove #abandoned #firesurvivors #firefighters #forestfire https://www.instagram.com/p/CneoKSJLf4wJSoAfRPI92uQg06tmfeikMr1NU80/?igshid=YTgzYjQ4ZTY=",David Wayne Floyd,"Jan 16, 2023 Â· 1:58 PM UTC",False,0,0,0,0,,,,#forestfire
https://twitter.com/JohnUmphrey406/status/1592922321760964608#m,"Firefighting waterscoop planes, refilling in Flathead Lake to out a forest fire in the Mission Mountains. Incredible planes, even more incredible crews.  #ForestFire #Wildfire #Montana #FlatheadLake #Smoke",John Umphrey,"Nov 16, 2022 Â· 4:47 PM UTC",False,1,0,0,3,https://pbs.twimg.com/media/FhsyY8FUYAApgzq.jpg,,,#forestfire
https://twitter.com/paintedblahblah/status/1588720514440523776#m,"Science, Not Silence #ClimateCrisis #forestfire @GretaThunberg #decarbonisation",Aleksandar SaÅ¡a BabiÄ‡,"Nov 5, 2022 Â· 2:31 AM UTC",False,0,1,0,8,https://pbs.twimg.com/media/FgxE4qHagAA4GyJ.jpg,,,#forestfire
https://twitter.com/VancouverSport2/status/1584809178673336320#m,"From UBC heading to Vancouver at the peak of the smoke @vancouver @vancouver.community_  #climatechange #climate #forestfire @ Vancouver, British Columbia https://www.instagram.com/p/CkINoetOPLK/?igshid=YTgzYjQ4ZTY=",Vancouver Sports Pic,"Oct 25, 2022 Â· 7:28 AM UTC",False,0,0,0,2,,,,#forestfire
https://twitter.com/Koosh604/status/1583441121879142401#m,I genuinely donâ€™t know if Iâ€™m getting sick or if my throat is just sore from the forest fire smokeâ€¦? I was literally just sick with a pretty bad cold like a week ago. I canâ€™t already be getting sick again? Can I? Somebody help me. #Covid #ForestFire #Smoke,ğ‹ğ²ğ¥ğ ğ‰ğğŸğŸğ«ğğ²ğŸ’š,"Oct 21, 2022 Â· 12:52 PM UTC",False,1,0,0,1,,,https://video.twimg.com/tweet_video/FfmDTVbaEAAgLcn.mp4,#forestfire
https://twitter.com/MrsWegert/status/1582848706399080448#m,Matchstick forests in the #STEM Lab today! 3rd grade observed how #forest structure impacts #fire behavior. How does the density of trees and slope of the land affect ğŸ”¥? @Lyons_ES @CSFS_Outreach #fireworks #STEMeducation #forestfire,Sarah L Wegert ğŸ˜,"Oct 19, 2022 Â· 9:38 PM UTC",False,0,1,1,11,https://pbs.twimg.com/media/Ffdogg3aYAEQWTu.jpg,,,#forestfire
https://twitter.com/_Beth_Wagner_/status/1582751841733201925#m,You know the smoke is bad when you canâ€™t even see buildings that are five blocks away. (This is in Burnaby and we donâ€™t have any forest fires here at the moment) #forestfire #washingtonfire #chilliwackfire,Beth Wagner - @_Beth_Wagner_ on Mastadon,"Oct 19, 2022 Â· 3:13 PM UTC",False,0,0,0,3,,,,#forestfire
https://twitter.com/RyanVoutilainen/status/1581737062692458496#m,Iâ€™ll bet better footage in a couple of hours but donâ€™t think weâ€™re gonna make it to 30Â°C at least in #Chilliwack #BC todayâ€¦ lots and lots of #ForestFire/#wildfire #smoke. This is unbelievable for #October. 23Â°C here.  #BCstorm #BCsmoke #BCheat #BCdrought @50ShadesofVan,Ryan Voutilainen ğŸ‡¨ğŸ‡¦ğŸ‡«ğŸ‡®,"Oct 16, 2022 Â· 8:01 PM UTC",False,1,1,0,14,https://pbs.twimg.com/media/FfN1eRsaYAAAUeu.jpg,,,#forestfire
https://twitter.com/RyanVoutilainen/status/1577048580183191552#m,Not sure where the #Minnekhada #forestfire is at today but yesterdayâ€™s #smoke from this local blaze with relatively low ventilation sure ainâ€™t helping mattersâ€¦,Ryan Voutilainen ğŸ‡¨ğŸ‡¦ğŸ‡«ğŸ‡®,"Oct 3, 2022 Â· 9:30 PM UTC",False,0,0,0,6,,,,#forestfire
https://twitter.com/RyanVoutilainen/status/1576747272444186627#m,For now it appears the #Minnekhada #ForestFire poses no concern for nearby structures or residents which is good news.  Tho certainly a wake-up-call to Metro #Vancouver residents that we are not immune to the risk of #interface #wildfires.   #BCdrought #BCdry #BCstorm #BCwildfire,Ryan Voutilainen ğŸ‡¨ğŸ‡¦ğŸ‡«ğŸ‡®,"Oct 3, 2022 Â· 1:33 AM UTC",False,1,1,0,11,,,,#forestfire
https://twitter.com/RyanVoutilainen/status/1576711674887045120#m,And a closer view of the #Minnekhada #ForestFire in #Coquitlam #BC taken  from #AC116 taken by my partner @whykillkenny,Ryan Voutilainen ğŸ‡¨ğŸ‡¦ğŸ‡«ğŸ‡®,"Oct 2, 2022 Â· 11:12 PM UTC",False,0,4,0,9,https://pbs.twimg.com/media/FeGa6ThaYAIHRi_.jpg,,,#forestfire
https://twitter.com/RyanVoutilainen/status/1576711283952750592#m,Apparently my partner & I have the #Minnekhada #ForestFire in #Coquitlam #BC from all angles for you. The #BCWildfire as seen from @AirCanada flight #AC116 (YVRâ¡ï¸YYZ) ğŸ“¸: @whykillkenny #ShareYourWeather #BCdrought #BCstorm #BCdry #BCsmoke,Ryan Voutilainen ğŸ‡¨ğŸ‡¦ğŸ‡«ğŸ‡®,"Oct 2, 2022 Â· 11:10 PM UTC",False,1,5,1,21,https://pbs.twimg.com/media/FeGajZPaUAEvI1u.jpg,,,#forestfire
https://twitter.com/RyanVoutilainen/status/1576689926615465984#m,Public checking out the #Minnekhada #ForestFire in #Coquitlam #BC from a safe distance across the #PittRiver - on a day that does not feel like #October ! 2:41p PT  #ShareYourWeather #BCwildfire #BCdrought #BCstorm #Augtober #Vancouver @50ShadesofVan @KMacTWN,Ryan Voutilainen ğŸ‡¨ğŸ‡¦ğŸ‡«ğŸ‡®,"Oct 2, 2022 Â· 9:45 PM UTC",False,3,5,1,18,https://pbs.twimg.com/media/FeGHIPgaYAA0ZgQ.jpg,,,#forestfire
https://twitter.com/RyanVoutilainen/status/1576687028678590464#m,"A video to give a sense as to how close new developments are to the #Minnekhada #ForestFire, #Coquitlam #BC - the fire in a regional #park popular locals. There are also older homes near the fire.2:30p PT  #ShareYourWeather #BCwildfire #Vancouver #BCdrought #BCdry @weathernetwork",Ryan Voutilainen ğŸ‡¨ğŸ‡¦ğŸ‡«ğŸ‡®,"Oct 2, 2022 Â· 9:34 PM UTC",False,0,6,0,6,,https://video.twimg.com/ext_tw_video/1576686987092033536/pu/vid/1280x720/lnpG-IPirj52VFh6.mp4?tag=12,,#forestfire
https://twitter.com/RyanVoutilainen/status/1576682792078884865#m,Helicopter dropping water on the #Minnekhada #ForestFire in #Coquitlam #BC (40km/25mi NE of #Vancouver) as they use water from nearby Pitt Lake. Thankfully winds are fairly light tho temp sitting well-above normal at 26Â°C/79Â°F (normal is 16Â°C/60Â°F)  #ShareYourWeather #BCwildfire,Ryan Voutilainen ğŸ‡¨ğŸ‡¦ğŸ‡«ğŸ‡®,"Oct 2, 2022 Â· 9:17 PM UTC",False,9,25,6,58,,https://video.twimg.com/ext_tw_video/1576682741676244993/pu/vid/1280x720/3uyRotvm-eEY8WB0.mp4?tag=12,,#forestfire
https://twitter.com/RyanVoutilainen/status/1576678976961269760#m,"A closer look at the #Minnekhada #forestfire in #Coquitlam #BC suburb of #Vancouver - To add most of our ~110mm weâ€™ve had since June 1st was during the first 2wks, with little since. Meanwhile, not built up there are homes nearby. ğŸŒ²ğŸ”¥  #ShareYourWeather #BCdrought #BCwildfire",Ryan Voutilainen ğŸ‡¨ğŸ‡¦ğŸ‡«ğŸ‡®,"Oct 2, 2022 Â· 9:02 PM UTC",False,1,3,1,20,,https://video.twimg.com/ext_tw_video/1576678625927385089/pu/vid/1280x720/6nstgswvqiPGQ74p.mp4?tag=12,,#forestfire
https://twitter.com/trevorjheide/status/1576424207864692736#m,#Minnekhada Regional Park #Coquitlam #wildfire #forestfire,T Heide,"Oct 2, 2022 Â· 4:09 AM UTC",False,0,2,0,7,,https://video.twimg.com/ext_tw_video/1576424142127378433/pu/vid/1280x720/p1EFh3npT0LWuSh5.mp4?tag=12,,#forestfire
https://twitter.com/swphotoandart/status/1569912793448718336#m,"Strange to think that natural disasters can inspire art, or at least some awesome pictures #bigbear #bigbearlake #forestfire #art #wallart #photography #digitalart #wallhanging #artforsale #prints #photooftheday #california #artwork #artoftheday",Southwest Photo and Art,"Sep 14, 2022 Â· 4:55 AM UTC",False,0,0,0,1,https://pbs.twimg.com/media/FclzXBLagAAb_O0.jpg,,,#forestfire
https://twitter.com/escthemidwest/status/1569171667255177217#m,Wildfire ğŸ”¥ - - - #washington #washingtonstate #wenatchee #lakewenatchee #lakewenatcheestatepark #forest #forestfire #leavenworthwashington #leavenworth #wildfires #wildfire #fire #wilderness @ Lake Wenatchee https://www.instagram.com/p/CiZGg9wrjoQ/?igshid=YTgzYjQ4ZTY=,Escaping the Midwest,"Sep 12, 2022 Â· 3:50 AM UTC",False,0,0,0,0,,,,#forestfire
https://twitter.com/queergranddad/status/1569144531869736960#m,"Smokey sky sunset over Mt. Boucherie    #sunset #smokeysky #kelowna #westkelowna #kelownanow #mtboucherie #forestfire #okanagan #okanaganlife #smokanagan @ Kelowna, British Columbia https://www.instagram.com/p/CiY6LLQr0bs/?igshid=YTgzYjQ4ZTY=",Wilbur Turner ğŸ‡¨ğŸ‡¦ğŸ³ï¸â€ğŸŒˆğŸ³ï¸â€âš§ï¸,"Sep 12, 2022 Â· 2:03 AM UTC",False,0,0,0,0,,,,#forestfire
https://twitter.com/tfmpoc/status/1568783534835515392#m,"Yes. Itâ€™s forest fire season in Oregon. #oregon #forestfire @ Aloha, Oregon https://www.instagram.com/p/CiWWAy7L11h/?igshid=YTgzYjQ4ZTY=",to'c,"Sep 11, 2022 Â· 2:08 AM UTC",False,0,0,0,0,,,,#forestfire
https://twitter.com/Idaho_Ryan/status/1568470585889415174#m,"Good night (creepy, smoky) moon. #forestfire #smoke #idahome @ Boise, Idaho https://www.instagram.com/p/CiUHsvfOq0D/?igshid=YTgzYjQ4ZTY=",Ryan Hill,"Sep 10, 2022 Â· 5:25 AM UTC",False,0,0,0,0,,,,#forestfire
https://twitter.com/mthompsonator/status/1562931126456713216#m,Here we go again! #cawx #fire #forestfire #glendora #glendoramountainroad #wildfire #angelescrest @ Glendora Mountain Road https://www.instagram.com/p/ChswpXNPJc4/?igshid=YTgzYjQ4ZTY=,Maria Thompson,"Aug 25, 2022 Â· 10:33 PM UTC",False,0,0,0,0,,,,#forestfire
https://twitter.com/BSUBroncoAlm/status/1561142952939835392#m,Apocalyptic to see fire planes at redfish. Had seen the lightning âš¡ï¸ on Friday and the flames when trying to go to sunbeam hot springs #mormonbendfire #forestfire #idwx,Go Avs Go!,"Aug 21, 2022 Â· 12:07 AM UTC",False,0,1,1,27,,https://video.twimg.com/ext_tw_video/1561142748274573313/pu/vid/720x1280/NnkwegQ3q9x4COc8.mp4?tag=12,,#forestfire
https://twitter.com/Mindyponti/status/1560421855802146816#m,Good night @summerhousenc  The benefit of having a #forestfire near you is prettier sunsets #sunset #lovewhereyoulive @ Summerhouse On Everett Bay https://www.instagram.com/p/Cha7kDKLPMO/?igshid=YTgzYjQ4ZTY=,Mindy Ponti,"Aug 19, 2022 Â· 12:22 AM UTC",False,0,0,0,0,,,,#forestfire
https://twitter.com/jeynajade/status/1554299821803986944#m,It's already so much thicker.... ğŸ˜© #Kamloops #firewatch #Forestfire,ExplorerJP,"Aug 2, 2022 Â· 2:55 AM UTC",False,1,3,1,16,https://pbs.twimg.com/media/FZH7bfwX0AMyd08.jpg,,,#forestfire
https://twitter.com/jeynajade/status/1554297457437069313#m,@Kamscan this is growing quickly ğŸ˜° #Kamloops #Forestfire,ExplorerJP,"Aug 2, 2022 Â· 2:46 AM UTC",False,3,5,0,18,https://pbs.twimg.com/media/FZH5S9xXwAQF4mQ.jpg,,,#forestfire
https://twitter.com/thomcat23tweets/status/1552634104163729416#m,God of Modern War #economy #environment #weapons #cloud #waterfall #forest #forestfire #artistinresidence #cherrystreetpier @ Cherry Street Pier https://www.instagram.com/p/CgjmGiAuAAW/?igshid=YTgzYjQ4ZTY=,Thomcat23,"Jul 28, 2022 Â· 12:36 PM UTC",False,0,0,0,1,,,,#forestfire
https://twitter.com/barblynch317/status/1550964746274357250#m,"Beautiful cloud formations??! No a huge fire ğŸ”¥ The things  one sees on I-95! Seems to be wooded areaâ€¦hope it gets contained!! #ohmyword #forestfire #ordinaryday #saywhat @ Palm Bay, Florida https://www.instagram.com/p/CgXu-BnvaDG/?igshid=YTgzYjQ4ZTY=",Barb Lynch,"Jul 23, 2022 Â· 10:03 PM UTC",False,0,0,0,0,,,,#forestfire
https://twitter.com/drewfus919/status/1541977726843854849#m,I had R&R in Denver after 3 weeks on a #forestfire deployment. In the back of my truck was bag of dirty laundry. Didnâ€™t think much till I did laundry. Someone made off with 7 pair of #worn @ethika boxers and 2 pair of @DarnTough socks. #gross and why only the #expensive stuff!,drewfus debock,"Jun 29, 2022 Â· 2:51 AM UTC",False,0,0,0,0,,,,#forestfire
https://twitter.com/JBaldischwiler/status/1536915759334428673#m,hiking amid a  #forestfire ğŸ‘€,Jessica Baldischwiler,"Jun 15, 2022 Â· 3:37 AM UTC",False,0,0,0,1,https://pbs.twimg.com/media/FVQ4unvUYAAzlOO.jpg,,,#forestfire
https://twitter.com/2Trash_Panda2/status/1529787821250293760#m,"How do I become tree, tree doesn't have to school, tree simple life. #forestfire",Toast (Pierce),"May 26, 2022 Â· 11:33 AM UTC",False,0,0,0,2,,,,#forestfire
https://twitter.com/mcclellandjohn/status/1525496552730632193#m,"05/12 North Bay 3 Fire in Chisholm Township near Powassan. Canadair CL-415 Superscooper to the rescue. > > #northbay #forestfire #powassan #Chisholm #waterbomber @ Chisholm, Ontario https://www.instagram.com/p/CdixX7XuHLa/?igshid=YTgzYjQ4ZTY=",John,"May 14, 2022 Â· 3:21 PM UTC",False,0,0,0,0,,,,#forestfire
https://twitter.com/TNExtremeWX/status/1508222145146540034#m,Sorry for the glare. Not alot of good shots available. Small #wildfire in Washington co. Near Carter county and Unicoi Co. Lines. Buffalo Mountain. #tnwx #forestfire #Appalachianmountains,Aaron AdamsğŸŒªï¸,"Mar 27, 2022 Â· 11:19 PM UTC",False,0,0,0,0,https://pbs.twimg.com/media/FO5IBk6XEAYW8ps.jpg,,,#forestfire
https://twitter.com/TNExtremeWX/status/1508221783815643146#m,Sorry for the glare. Not alot of good shots available. Small #wildfire in Washington co. Near Carter county and Unicoi Co. Lines. Buffalo Mountain. #tnwx #forestfire #Appalachianmountains,Aaron AdamsğŸŒªï¸,"Mar 27, 2022 Â· 11:17 PM UTC",False,0,0,0,1,,https://video.twimg.com/ext_tw_video/1508221725724585986/pu/vid/1280x720/Tp2ApD18puu6ZW-m.mp4?tag=12,,#forestfire
https://twitter.com/SoundmaxDJlive/status/1481141521898512386#m,"An image from last summer of Lytton, BC wildfires  #Lyttonbc #wildfires #wildfire #forestfire #townofLytton #explorebc #firefighters  Photo by James Cousineau, ProPics Canada Media. @ ProPics Canada Photography https://www.instagram.com/p/CYnnCqvrWkw/?utm_medium=twitter",ProPics Canada Media Ltd,"Jan 12, 2022 Â· 5:50 AM UTC",False,0,0,0,0,,,,#forestfire
https://twitter.com/Rent_A_Goat/status/1466439212060884996#m,"Munching away all of your forest-fire worries ğŸŒ¿ğŸğŸ‘ #rentagoat #sheep #goat #ecofriendly #forestfire #california #greentechnology @ Santa Rosa, California https://www.instagram.com/p/CW_I4UYJr5c/?utm_medium=twitter",Rent A Goat,"Dec 2, 2021 Â· 4:08 PM UTC",False,0,0,1,5,,,,#forestfire
https://twitter.com/chuckcopelandwx/status/1465460314640732162#m,"The entire state under a burn ban tomorrow.   Yes, even you...  #wildfire #NCWx #forestfire #fire",Chuck Copeland â›ˆï¸ğŸğŸ¾,"Nov 29, 2021 Â· 11:19 PM UTC",False,0,0,0,2,,,,#forestfire
https://twitter.com/SamSandmire/status/1457519152894144515#m,Looks like a forest fire near Clear Creek/Cabarton. #Idaho #forestfire,Sam Sandmire,"Nov 8, 2021 Â· 1:23 AM UTC",False,0,0,0,1,,,,#forestfire
https://twitter.com/ReddingBuzz/status/1453879064293515265#m,"#ReddingBuzz #Redding #reddingca #reddingcalifornia #fires #california #californiafires #calfire #forestfire #firefighters #forestfires #wildfire @ Redding, California https://www.instagram.com/p/CVl5gueL8VB/?utm_medium=twitter",Jason Stovall,"Oct 29, 2021 Â· 12:19 AM UTC",False,0,0,0,0,,,,#forestfire
https://twitter.com/ReddingBuzz/status/1442868113909944325#m,#FawnFire  ğŸ”¥185 Structures Destroyed   ğŸ“›65% Containment   #ReddingBuzz #Redding #reddingca #reddingcalifornia #fires #california #californiafires #calfire #forestfire #firefighters #forestfires #wildfire https://www.instagram.com/p/CUXqTqbJHDK/?utm_medium=twitter,Jason Stovall,"Sep 28, 2021 Â· 3:05 PM UTC",False,0,0,0,0,,,,#forestfire
https://twitter.com/ReddingBuzz/status/1441143010943594502#m,"#FawnFire #ReddingBuzz #Redding #reddingca #reddingcalifornia #fires #california #californiafires #calfire #forestfire #firefighters #forestfires #wildfire @ Redding, California https://www.instagram.com/p/CULZ0yvBO8s/?utm_medium=twitter",Jason Stovall,"Sep 23, 2021 Â· 8:50 PM UTC",False,0,0,0,0,,,,#forestfire
https://twitter.com/riversandcreeks/status/1437140520325636101#m,The threat of #wildfire still exists; be safe out there; we were able to contain a #forestfire in the #AlpineLakesWilderness this week https://link.medium.com/2ZmvSmk0ujb,Thomas O'Keefe,"Sep 12, 2021 Â· 7:46 PM UTC",False,0,0,0,2,,,,#forestfire
https://twitter.com/larry_bud/status/1432179579511349248#m,"I spotted this forest fire this evening. East of Kremling.  Hopefully it gets contained quickly. . . . #forestfire #kremlingcolorado #photography @ Kremmling, Colorado https://www.instagram.com/p/CTLtunFsmZH/?utm_medium=twitter",Larry Budwig,"Aug 30, 2021 Â· 3:13 AM UTC",False,0,0,0,0,,,,#forestfire
https://twitter.com/jsmithers26/status/1432006730356072451#m,"The guy from Simcity would not be impressed with all the natural disasters this year. Good luck with the hurricane season! Thinking of you, New Orleans. #nola #FireSeason2021 #Forestfire #Hurricane #Tornado #covid #pandemic #Flood #bowserattack",Jeff Smith,"Aug 29, 2021 Â· 3:46 PM UTC",False,0,0,0,0,https://pbs.twimg.com/media/E9-CiBEWYAAdvko.jpg,,,#forestfire
https://twitter.com/william_willia2/status/1430290773442977800#m,Older review of the aero tankers fire fighting aircraft base at Ely Minnesota where aircraft are working the current firesâ€¦ #Forestfire https://fireaviation.com/2016/02/15/tour-of-the-usfs-seaplane-base-at-ely-minnesota/,William A. Williams,"Aug 24, 2021 Â· 10:07 PM UTC",False,0,0,0,0,,,,#forestfire
https://twitter.com/s_malcolmson/status/1428524952068648964#m,"Scary to see a #forestfire on Mt Hayes south of #Nanaimo. Many thanks to #firefighters keeping us safe. ğŸ™Œ Grateful to everyone taking care in these tender dry conditions, & hoping tomorrowâ€™s forecast for rain stays true.",Sheila Malcolmson,"Aug 20, 2021 Â· 1:11 AM UTC",False,4,8,0,17,https://pbs.twimg.com/media/E9Mj3sOWUAwEYWr.jpg,,,#forestfire
https://twitter.com/NorthWindsEnv/status/1428091665902882824#m,An ominous sky that suggested much needed rains on the way north of Pickle Lake! Magnus and Krista happily drove through an epic thunderstorm this afternoon. Hopefully some good prints tomorrow!  #northernontario #rain #forestfire #wildlife,NorthWindsEnvServices,"Aug 18, 2021 Â· 8:29 PM UTC",False,0,0,0,1,https://pbs.twimg.com/media/E9GZy-GXIAQGuK-.jpg,,,#forestfire
https://twitter.com/lufromcalab/status/1427294257430282241#m,Getting a morning coffee and wondering if thatâ€™s the sun.  . . #smoke #smoky #fires #forestfire #downtowncalgary #downtown #sleepneeded #caffeine #coffee #mondayvibes #monday #work #workweek #mcds #mcdonalds https://www.instagram.com/p/CSpAJGGltix/?utm_medium=twitter,Jeff Beamish,"Aug 16, 2021 Â· 3:40 PM UTC",False,0,0,0,0,,,,#forestfire
https://twitter.com/D_Milne_Books/status/1427290394954510345#m,"Yeah, nah, itâ€™s fineâ€¦..  #forestfire #yyc #expat #enviro #climate #dobetter @ Alberta https://www.instagram.com/p/CSo-YoLn08O/?utm_medium=twitter",Duncan Milne,"Aug 16, 2021 Â· 3:25 PM UTC",False,0,0,0,0,,,,#forestfire
https://twitter.com/MelNugent/status/1427284132690894849#m,"The Mount Law fire, burning last night  just across Okanagan Lake in West Kelowna, as seen from Knox mountain and Coyote Ridge. ğŸ“¸ @lynnm_n & T. Noble. #mountlawfire #kelowna #forestfire #climatecrisis https://www.instagram.com/p/CSo7hx9nP28/?utm_medium=twitter",Melany Nugent-Noble,"Aug 16, 2021 Â· 3:00 PM UTC",False,0,0,0,1,,,,#forestfire
https://twitter.com/RobMoses/status/1427117332480987137#m,Looks like a fire burning pretty close to home! ğŸ˜¬ Took this picture from my living room. #forestfire #forestfires #Kelowna #Okanagan,Rob Moses,"Aug 16, 2021 Â· 3:57 AM UTC",False,3,1,0,10,https://pbs.twimg.com/media/E84jpbcVkAYfiaz.jpg,,,#forestfire
https://twitter.com/guyfromtheclon/status/1426744515407224835#m,Smoke from forest fires #Forestfire #smoke,Michael Hughes,"Aug 15, 2021 Â· 3:16 AM UTC",False,0,0,0,0,https://pbs.twimg.com/media/E8zQko9VcAEoop4.jpg,,,#forestfire
https://twitter.com/Stray_violets74/status/1426293876667658240#m,#mckaycreekfire #forestfire #bcwildfire #horshoebend #wildfire #wildfirebc @ Mission mt rd and rd 40/ highline rd https://www.instagram.com/p/CSh5OK-Jlbb/?utm_medium=twitter,Liv Copeland,"Aug 13, 2021 Â· 9:25 PM UTC",False,0,0,0,0,,,,#forestfire
https://twitter.com/raylougrif/status/1423336153969790979#m,"I just watched this, it's really good but ğŸ’”. #OnlyTheBrave #ForestFire #Wildfires #Firefighters #California",RayğŸ´ó §ó ¢ó ¥ó ®ó §ó ¿ğŸ‡¨ğŸ‡¦,"Aug 5, 2021 Â· 5:32 PM UTC",False,0,0,0,0,,,,#forestfire
https://twitter.com/911_action/status/1423090507815608320#m,#RiverFire #Colfax #WildlandFire #ForestFire  Several residences and outbuildings have caught fire along Hillcrest Blvd. Firefighters are on structure defense. Helicopters are doing air drops in the vicinity.,911 Action Photography,"Aug 5, 2021 Â· 1:16 AM UTC",False,1,9,2,25,https://pbs.twimg.com/media/E7_VO_XVUAceZCA.jpg,,,#forestfire
https://twitter.com/dwilapix/status/1422565924935245825#m,"Neso Lake, MB The forest is on fire on the far side of the lake. Four water bombers and a bird dog were working hard to control this burn. Word is that it started from a spark from a transformer. #forestfire #forest #forestfires #forestphotography #forestmood #scary #burning",Dwilapix Photography,"Aug 3, 2021 Â· 2:32 PM UTC",False,0,1,0,2,https://pbs.twimg.com/media/E734KbnWUAMXfMj.jpg,,,#forestfire
https://twitter.com/Reworks_in_BC/status/1421940114914115585#m,Itâ€™s raining!!!! #wildfire #climatechange #forestfire #drought #heatwave #smoke #rain #climateaction #westkootenays #nelsonbc #castlegarbc #slocanvalley,REWORKS,"Aug 1, 2021 Â· 9:05 PM UTC",False,0,1,0,14,,https://video.twimg.com/ext_tw_video/1421940031229288453/pu/vid/720x1280/CXfVxrkO-j2ZtFh6.mp4?tag=12,,#forestfire
https://twitter.com/JBCP/status/1421801062525177861#m,"#smoke #lines in the #sunrise. #dawnpatrol #winnipeg #manitoba #canada. #sun #sky #forestfire @ Winnipeg, Manitoba https://www.instagram.com/p/CSB-H-MLfkr/?utm_medium=twitter",J Brian Piggott,"Aug 1, 2021 Â· 11:52 AM UTC",False,1,0,0,0,,,,#forestfire
https://twitter.com/MelissaMurphyRE/status/1421254267684495363#m,"The smoke from last summer may have cleared, and the fire subsided, but the carnage remains. Itâ€™s remarkable to see how the forest has responded.  #gorgefire2020 #forestfire #oregonfires @ The Gorge https://www.instagram.com/p/CR-FeJfJfHG/?utm_medium=twitter",Melissa Murphy Real Estate,"Jul 30, 2021 Â· 11:39 PM UTC",False,0,0,0,0,,,,#forestfire
https://twitter.com/CleanLakesMN/status/1420903612369313794#m,"Although the sunrise was pretty, do not like that itâ€™s hard to take a deep breath outside. ğŸŒ… ğŸ”¥ #sunrise #forestfire #airquality #cleanlakesmn #protectourplanet #beonepercentbetter #lakelife #minnesota @ Little Birch Lake https://www.instagram.com/p/CR7mAzssWuW/?utm_medium=twitter",Clean Lakes MN,"Jul 30, 2021 Â· 12:26 AM UTC",False,0,0,0,1,,,,#forestfire
https://twitter.com/heyjayyay/status/1420168519120039942#m,ğŸŒ²ğŸ”¥ in the sky. ğŸŒ… #sunset #sunrise #sunsetphotography #forestfire #mountain #landscape #landscapephotography #silhouettechallenge #silhouettephotography #sequoianationalpark #mororock https://www.instagram.com/p/CR2Xu1WtKBv/?utm_medium=twitter,Jessica,"Jul 27, 2021 Â· 11:45 PM UTC",False,0,0,0,0,,,,#forestfire
https://twitter.com/mislaphotoguy/status/1418612190655905793#m,Bringing the firefighting to the skies last week in Northwest Montana.  #mikewilliamsphotography #MontanaMoment #dramaticlight #highcountry #bigskycountry #Forestfire #canonphotography #Canon,mike williams,"Jul 23, 2021 Â· 4:41 PM UTC",False,0,6,0,32,https://pbs.twimg.com/media/E6_sROwVgAA6rZ8.jpg,,,#forestfire
https://twitter.com/ReddingBuzz/status/1417656228285763588#m,"Making head way...retardant dropped...  #dibblefire #ReddingBuzz #Redding #reddingca #reddingcalifornia #fires #california #californiafires #calfire #forestfire #firefighters #forestfires @ Red Bluff, California https://www.instagram.com/p/CRkhRV4rGrA/?utm_medium=twitter",Jason Stovall,"Jul 21, 2021 Â· 1:22 AM UTC",False,0,0,0,0,,,,#forestfire
https://twitter.com/JBCP/status/1417496728773742595#m,"#firstlight no #dawnpatrol because the #smoke ğŸ’¨ is so #bad in #winnipeg #manitoba #canada. #forestfire and #drought are #deadlycombination @ Winnipeg, Manitoba https://www.instagram.com/p/CRjYvEqgUAk/?utm_medium=twitter",J Brian Piggott,"Jul 20, 2021 Â· 2:48 PM UTC",False,0,0,0,0,,,,#forestfire
https://twitter.com/Sennexd/status/1417485796756664333#m,"Smoke on the prairie, the fires are 200+ Km north of here and our visibility is down to about a kilometre. #manitoba #forestfire #summertime @ Portage la Prairie, Manitoba https://www.instagram.com/p/CRjTxIdAnlx/?utm_medium=twitter",The Romulan Ambassador (Old guy with bifocals.),"Jul 20, 2021 Â· 2:05 PM UTC",False,0,0,0,1,,,,#forestfire
https://twitter.com/ReddingBuzz/status/1417465062101438464#m,"#dixiefire #ReddingBuzz #Redding #reddingca #reddingcalifornia #fires #california #californiafires #calfire #forestfire #firefighters #forestfires @ Plumas County, California https://www.instagram.com/p/CRjKV0bLjzO/?utm_medium=twitter",Jason Stovall,"Jul 20, 2021 Â· 12:43 PM UTC",False,0,0,0,0,,,,#forestfire
https://twitter.com/snowbear/status/1417376979712684055#m,"A wee bit smokey out there tonight. Not even any bugs around the loght. #forestfire @ St. Vital, Winnipeg https://www.instagram.com/p/CRiiSS2DUBy/?utm_medium=twitter",â„ï¸Snowbear ğŸ‡¨ğŸ‡¦ â„ï¸,"Jul 20, 2021 Â· 6:53 AM UTC",False,0,0,0,0,,,,#forestfire
https://twitter.com/MichelleKisil/status/1417316960551981056#m,What our moon looks like  tonightâ€¦. not supposed to be orange/red. Sadly itâ€™s from the smoke from forest fires in northwestern Ontario and western Canada. ğŸ˜” #smokedrift #moon #forestfire #canada #staysafe #myottawa,Michelle Kisil (she/her),"Jul 20, 2021 Â· 2:54 AM UTC",False,1,1,0,3,https://pbs.twimg.com/media/E6tSQzIXoAAvWyu.jpg,,,#forestfire
https://twitter.com/jtherapydog/status/1416859499210629121#m,Staying cool in the shade by Lake Nipissing on this hot ğŸ¥µ and hazy day #Forestfire #HotWeather #NorthernOntario #DogLove,DJ,"Jul 18, 2021 Â· 8:36 PM UTC",False,0,0,0,5,https://pbs.twimg.com/media/E6myM70WEAI2DcY.jpg,,,#forestfire
https://twitter.com/cat_fender/status/1416843360514441216#m,You know the saying â€œhot enough to fry an egg on the sidewalkâ€? Well â€¦. ğŸ˜¹ğŸ˜¹ğŸ˜¹ Our eggs are also smoked today. Itâ€™s super yucky out so our windows will stay closed for sure.   @SaMindy4 #CatsOfTwitter #AdoptDontShop #HeatWave2021 #ForestFire,Fender the Fluffy Cat,"Jul 18, 2021 Â· 7:32 PM UTC",False,0,2,0,11,https://pbs.twimg.com/media/E6mjhXuVgAETa_x.jpg,,,#forestfire
https://twitter.com/JBCP/status/1416381490984804355#m,"#dawnpatrol #firstlight. A #beautiful #sunrise. Still #smoky #forestfire #smoke. #fireban in #winnipeg #manitoba #canada . #sun #sky #cloud @ Winnipeg, Manitoba https://www.instagram.com/p/CRbdlwYAKGf/?utm_medium=twitter",J Brian Piggott,"Jul 17, 2021 Â· 12:57 PM UTC",False,0,0,0,0,,,,#forestfire
https://twitter.com/onedarwinian/status/1414654479094325260#m,"Camping, partying and open camp fires in WhyteCliff Park on late weekend evenings seem like trouble.   The forests are dry. #ForestFire @WestVanDistrict @WestVanFireDept",Mark Scott,"Jul 12, 2021 Â· 6:34 PM UTC",False,1,0,0,1,,,,#forestfire
https://twitter.com/FineEdgePhoto/status/1414009318542766081#m,Becker Lake Wildfire #wildfire #firefighter #fire #forestfire #waterbomber #fireretardent,Fine Edge Photos,"Jul 10, 2021 Â· 11:51 PM UTC",False,0,0,0,0,https://pbs.twimg.com/media/E5-R-nGVcAEY9wq.jpg,,,#forestfire
https://twitter.com/brbadventurer/status/1413979890907422720#m,#forestfire near #sunpeaks @Kamscan helicopters on site,BRB Adventurer,"Jul 10, 2021 Â· 9:54 PM UTC",False,2,8,0,17,https://pbs.twimg.com/media/E593NAlWYAETIvs.jpg,,,#forestfire
https://twitter.com/JBCP/status/1412725380125954051#m,"A #Smokey #sunrise in #winnipeg #manitoba #canada. #fire #forestfire #sky @ Winnipeg, Manitoba https://www.instagram.com/p/CRBe-4ZggKT/?utm_medium=twitter",J Brian Piggott,"Jul 7, 2021 Â· 10:49 AM UTC",False,0,0,0,0,,,,#forestfire
https://twitter.com/stephenfung/status/1412604404461539329#m,Why am I still seeing people flicking cigarette ashes out car windows? #heatwavebc #LyttonFire #forestfire,Stephen Fung,"Jul 7, 2021 Â· 2:48 AM UTC",False,0,0,0,0,,,,#forestfire
https://twitter.com/galleryss/status/1412224950593724416#m,@weathernetwork in a week of crazy heat in #BritishColumbia the mountains have gone from green to brown.  Whoa ğŸ”¥ ğŸ™„   #forestfire #fire risks are high.   #weather #heat @miawgordon @GlobalBC @CTVVancouver @CityofVancouver @DonaldsonDoug #heatwave @MMadryga,Shawn Sviridov,"Jul 6, 2021 Â· 1:40 AM UTC",False,0,2,0,4,,https://video.twimg.com/ext_tw_video/1412224059698409479/pu/vid/1280x720/V1hZ4F7QCwTdh1Lf.mp4?tag=12,,#forestfire
https://twitter.com/ReddingBuzz/status/1410579396130271239#m,"#ReddingBuzz #Redding #reddingca #reddingcalifornia #fires #california #californiafires #calfire #forestfire @ Redding, California https://www.instagram.com/p/CQyPGbRrDZe/?utm_medium=twitter",Jason Stovall,"Jul 1, 2021 Â· 12:41 PM UTC",False,0,0,0,0,,,,#forestfire
https://twitter.com/mrtrill3/status/1410413890702254084#m,Swimming in #KamloopsLake yesterday to take a break from heat and watched smoke climb into sky like a bomb went off. #swimming #SavonaBC life in a semi arid #desert remember to be fire smart at home and careful as these are likely human causes  #ForestFire,Alfie Trill,"Jul 1, 2021 Â· 1:44 AM UTC",False,0,0,0,0,https://pbs.twimg.com/media/E5LL8xEUUAElsH6.jpg,,,#forestfire
https://twitter.com/best_vancouver/status/1409994213974953984#m,This is what 5 days of record breaking temperatures does to the forestâ€¦. #heatwavebc #forestfire #bcstorm #BCHeatwave2021,The Home Selling Homo,"Jun 29, 2021 Â· 9:56 PM UTC",False,1,9,1,7,https://pbs.twimg.com/media/E5FOQ6GVoAkjr9p.jpg,,,#forestfire
https://twitter.com/best_vancouver/status/1409280068526825473#m,Here is what 4 days of sweltering weather does to our beautiful BC Forestsâ€¦ I wouldnâ€™t be surprised if the entire province is extreme by Thursday. DO NOT HAVE A FIREâ€¦ #BCHeat #BCHeatwave #HEATWAVE #forestfire,The Home Selling Homo,"Jun 27, 2021 Â· 10:38 PM UTC",False,0,2,0,3,https://pbs.twimg.com/media/E47EwL7VIAUEJcN.jpg,,,#forestfire
https://twitter.com/larry_bud/status/1407721583863554048#m,"Smoke from the Muddy Slide Fire has moved north in the Yampa Valley.  . . . #steamboatsprings #steamboatspringscolorado #forestfire #muddyslidefire #photography #smokey #smoke @ Steamboat Springs, Colorado https://www.instagram.com/p/CQd7hN4NZxS/?utm_medium=twitter",Larry Budwig,"Jun 23, 2021 Â· 3:25 PM UTC",False,0,0,0,1,,,,#forestfire
https://twitter.com/larry_bud/status/1407634654014889989#m,Mandatory evacuation order issued Tuesday night for those in area of Muddy Slide Fire. I hope everyone is ok. . . . #steamboatsprings #steamboatspringscolorado #forestfire #muddyslidefire #photography https://www.instagram.com/p/CQdT_O_tCUF/?utm_medium=twitter,Larry Budwig,"Jun 23, 2021 Â· 9:40 AM UTC",False,0,0,0,0,,,,#forestfire
https://twitter.com/GameMasterHaze/status/1407107567340433411#m,So Iâ€™m ğŸ’” where we used to live near #FlagstaffArizona ğŸ” my #Mom sent me a text sayin that everyone was told to be ready for #Evacuation ğŸ˜° because of a #ForestFire ğŸ”¥ itâ€™s a big one and thatâ€™s the biggest thing you have to worry about if you live there ğŸ˜¥ #PrayForArizona ğŸ™,Haze ğŸ¥€,"Jun 21, 2021 Â· 10:46 PM UTC",False,0,1,0,1,,,https://video.twimg.com/tweet_video/E4cM3vFWQAQWfMe.mp4,#forestfire
https://twitter.com/movie_gal_10/status/1404769795430518789#m,BURNING HOT ğŸ”¥ #forestfire #LasVegas,Kathy Dove,"Jun 15, 2021 Â· 11:56 AM UTC",False,1,0,0,1,,,,#forestfire
https://twitter.com/ONwxchaser/status/1402698442447675392#m,Extreme forest fire situation near Upsala. Wall of smoke to my west. Big time dry winds fanning the flames. Scary situation. #onfire #forestfire @southernon_wx @cluke5,David Piano,"Jun 9, 2021 Â· 6:45 PM UTC",False,2,2,2,12,https://pbs.twimg.com/media/E3dixFxWEAUoQeo.jpg,,,#forestfire
https://twitter.com/ONwxchaser/status/1402416381669302275#m,Massive forest fire to the Northeast of Nipigon with pyroCU visible from observation deck in town. Bucketing helicopters been flying over. Plume drifting way over Lake Superior! #onwx #fire #forestfire,David Piano,"Jun 9, 2021 Â· 12:04 AM UTC",False,2,1,0,20,https://pbs.twimg.com/media/E3ZiO9nWQAM7O1L.jpg,,,#forestfire
https://twitter.com/araeraeford/status/1398818166147452929#m,"Keeping an eye on this forest fire here near Shugart Flats RoadğŸ”¥ outside of Plain, WA  #forestfire #pnwfire #bagspacked #imnotnervousyourenervous",Allison Rae Ford,"May 30, 2021 Â· 1:46 AM UTC",False,0,0,0,0,https://pbs.twimg.com/media/E2mZsMgUcAIwZjs.jpg,,,#forestfire
https://twitter.com/flutterbymarie1/status/1398724746108456965#m,@CTVNews @breakfasttv  Fighting a small forest fire near south Gravenhurst and scooping up water in the lake behind my house. #firefighters #heroes #forestfire,Marie,"May 29, 2021 Â· 7:35 PM UTC",False,0,0,0,0,,https://video.twimg.com/ext_tw_video/1398724471331110914/pu/vid/720x1280/sZsA2RETI9t1zXcc.mp4?tag=12,,#forestfire
https://twitter.com/Chris28872173/status/1397758872278863874#m,Forest Fire pup badge  Pup name: Chris Job: forest fire /service Breed: Dalmatian mix  #PawPatrol #dalmatian #puppy #DeviantArt #digitalart #fanart #badge #forestfire #customart,Christian Galvan,"May 27, 2021 Â· 3:37 AM UTC",False,0,0,0,0,https://pbs.twimg.com/media/E2XWSTCVUAQqjU4.jpg,,,#forestfire
https://twitter.com/AntonioInTheUSA/status/1392647792036749315#m,Things are looking okay at #pinefire #forestfire #phelan,Antonio,"May 13, 2021 Â· 1:08 AM UTC",False,0,0,0,2,https://pbs.twimg.com/media/E1OtxanVEAQork_.jpg,,,#forestfire
https://twitter.com/thisisKaylin/status/1377034564879708163#m,Been a crazy start to the week!  #schroederfire2021 #schroederfire #wildfire #helicopter #canyonlake #forestfire #fire @ Canyon Lake https://www.instagram.com/p/CND4rh8MObG/?igshid=14h3agria5voa,Kaylin Wickre,"Mar 30, 2021 Â· 11:06 PM UTC",False,0,0,0,0,,,,#forestfire
https://twitter.com/SacSunrise/status/1373016031451508738#m,Register for our free documentary screening and panel discussion of #WilderThanWild at 5pm TONIGHT!!   Can't make tonight? You can also watch the film on your own time until March 26th if you register! Sign up now at: bit.ly/wild319 #Sacramento #Wildfire #ForestFire,Sunrise Movement Sacramento,"Mar 19, 2021 Â· 8:58 PM UTC",False,0,0,0,0,https://pbs.twimg.com/media/Ew3uzEoUUAED-wN.jpg,,,#forestfire
https://twitter.com/johnbulmer/status/1364181016982732801#m,Such a cool image: A Conservation Commission #forestfire observer scans the landscape for smoke from a fire tower on Adams Mountain in Essex County in the #Adirondack Mountains in 1920. #ADK #history  Source: #NewYork State Archives,ğ—ğ—¼ğ—µğ—» ğ—•ğ˜‚ğ—¹ğ—ºğ—²ğ—¿,"Feb 23, 2021 Â· 11:51 AM UTC",False,1,1,0,6,https://pbs.twimg.com/media/Eu6LZ35WgAQcP8c.jpg,,,#forestfire
https://twitter.com/NessaBurdette/status/1351600911148150784#m,#ForestFire #ButteCo as seen from Cohasset Hill camera.,Vanessa Wilson,"Jan 19, 2021 Â· 6:42 PM UTC",False,0,1,0,5,,,,#forestfire
https://twitter.com/jonosmith08/status/1350441161064931329#m,Congratulations @iamjmhq on this BEAUTIFUL new store! I remember our days back at #ForestFire and I LOVE to see all the success that youâ€™ve achieved over the years! Keep killin it fam!! ğŸ’ªğŸ¾ğŸ’ªğŸ¾ğŸ’ªğŸ¾ #TheGatesOfProsper,Jonathan Smith,"Jan 16, 2021 Â· 1:53 PM UTC",False,0,0,0,8,,,,#forestfire
https://twitter.com/EricAmbrosimov/status/1334580976320737284#m,"Wow, what a crazy photo!!! #scary #forestfire #CaliforniaFires",Eric Ambrosimov,"Dec 3, 2020 Â· 7:31 PM UTC",False,0,0,0,0,,,,#forestfire
https://twitter.com/hitenlakra/status/1332745845586882562#m,Invent a chain reaction bomb when dropped on a wild #forestfire ğŸ”¥ it would extinguish the #fire just like on movies #frozen,Hitendra Lakra,"Nov 28, 2020 Â· 5:59 PM UTC",False,0,0,0,0,,,,#forestfire
https://twitter.com/Toshogu/status/1323104728054558721#m,The fire went through this area but looks like the larger pine trees fared pretty well and will survive.  #Forestfire,The Viking,"Nov 2, 2020 Â· 3:28 AM UTC",False,0,0,0,3,https://pbs.twimg.com/media/ElycrZuVcAA9Hte.jpg,,,#forestfire
https://twitter.com/philmckinney/status/1319262753614249990#m,Smoke from the #camron and  #lefthandcanyon fires. Our ranch sets in-between both.  #sunsets #sunsetsky #fire #Colorado #forest #forestfire #firefighter #frontrange #goaway2020,Phil McKinney,"Oct 22, 2020 Â· 1:02 PM UTC",False,1,0,0,2,https://pbs.twimg.com/media/Ek72e3zVMAAd2SE.jpg,,,#forestfire
https://twitter.com/PatLuxan/status/1319117687088349184#m,Shot of smoke plume from Boulder County fires. #boulder #forestfire #bouldercounty #clouds #cylclinglife @ Laboratory for Atmospheric and Space Physics https://www.instagram.com/p/CGoXImql3Y5/?igshid=jgoupl3ywaqk,Patricio Lujan,"Oct 22, 2020 Â· 3:25 AM UTC",False,0,0,0,0,,,,#forestfire
https://twitter.com/jodman257/status/1317558571647836160#m,"Fire in the Sky  #sunset #sunsetphotography #sunsets #mountains #clouds #smoke #forestfire #forestfiresmoke #wildfires #foothills #flatirons #boulder #colorado @ Boulder, Colorado https://www.instagram.com/p/CGdSIPEp7sa/?igshid=15s4o1vtctsl0",Jered Lilly,"Oct 17, 2020 Â· 8:10 PM UTC",False,0,0,0,0,,,,#forestfire
https://twitter.com/jodman257/status/1317557040978513921#m,"Smokey Days Smokey Rays  #sunset #sunshine #sunsetphotography #clouds #mountains #foothills #flatirons #smoke #wildfires #forestfire #forestfiresmoke #boulder #colorado @ Boulder, Colorado https://www.instagram.com/p/CGdRbqzpsET/?igshid=gyzptk0uergl",Jered Lilly,"Oct 17, 2020 Â· 8:04 PM UTC",False,0,0,0,0,,,,#forestfire
https://twitter.com/philmckinney/status/1317295189455642624#m,We can see the flames of the #cameronfire from our #ranch. This is now the largest fire in #Colorado history.  #fire #forestfire #larimiercounty #rockymountains #rockymountainnationalpark #rmnp #wildfire #flame #evacuation #northerncolorado #frontrange,Phil McKinney,"Oct 17, 2020 Â· 2:43 AM UTC",False,1,1,0,3,https://pbs.twimg.com/media/Ekf4_j7U0AAANQO.jpg,,,#forestfire
https://twitter.com/rubysolitaire/status/1315832169969922051#m,"Worked on a #painting today. Can't stop thinking that Earth is literally #burning, and society is metaphorically blazing as well #forestfire #acrylic #trees #fire #wildfire #forest #orange #red #sky https://www.instagram.com/p/CGRBDglHojR/?igshid=n91ef1fo2kik",Ruby Solitaire,"Oct 13, 2020 Â· 1:50 AM UTC",False,0,0,0,0,,,,#forestfire
https://twitter.com/jbradfordinc/status/1315430289498345472#m,"In honor of the second #presidentialdebate being cancelled, I created a little reminder of the first ğŸ˜œ@realDonaldTrump @joebiden #vote2020 #presidentialelection #govote #arresteddevelopment #forestfire https://www.instagram.com/p/CGOJ_KrDsz-/?igshid=1izqpgn2tjdgv",Jared Bradford,"Oct 11, 2020 Â· 11:13 PM UTC",False,0,0,0,1,,,,#forestfire
https://twitter.com/larry_bud/status/1315296838535315458#m,"Alpenglow on the Middle Fork Fire smoke plume.   . . . #steamboatsprings #steamboatspringscolorado #steamboatsnaps #photography #forestfire #middleforkfire #routtcounty #yampavalley @ Steamboat Springs, Colorado https://www.instagram.com/p/CGNNnRBB6TV/?igshid=1v3ko8it17jm1",Larry Budwig,"Oct 11, 2020 Â· 2:22 PM UTC",False,0,0,0,0,,,,#forestfire
https://twitter.com/larry_bud/status/1314678337495797760#m,Time lapse from my front porch. Middle Fork Fire. . . . #steamboatsprings #steamboatspringscolorado #steamboatsnaps #middleforkfire #forestfire #routtcounty #yampavalley #photography #timelapse https://www.instagram.com/p/CGI0F77hRnf/?igshid=mtyex15k2kag,Larry Budwig,"Oct 9, 2020 Â· 9:25 PM UTC",False,0,0,0,0,,,,#forestfire
https://twitter.com/larry_bud/status/1314565290416574468#m,Looking East on 6th Street. The Middle Fork Fire really intensified  yesterday.  . . . #steamboatsprings #steamboatspringscolorado #steamboatsnaps #downtownsteamboat #middleforkfire #forestfire #photography https://www.instagram.com/p/CGIA8aHhLVr/?igshid=1v3vup8u73gtp,Larry Budwig,"Oct 9, 2020 Â· 1:56 PM UTC",False,0,0,0,0,,,,#forestfire
https://twitter.com/larry_bud/status/1314358204122439680#m,"The Middle Fork Fire has grown to over 10,000 acres. It seems to have really grown in the last few days. . . . #SteamboatSprings #SteamboatSpringsColorado #SteamboatSnaps #middleforkfire #forestfire #smoke #photography https://www.instagram.com/p/CGGigxcBWmo/?igshid=xwhtjaksixl0",Larry Budwig,"Oct 9, 2020 Â· 12:13 AM UTC",False,0,0,0,1,,,,#forestfire
https://twitter.com/ozone2016/status/1309663593915351042#m,"this is what a #forest #fire in the #rockymountains looks like from 35,000 feet in an #airplane #forestfire #smoke #rockies #ğŸ”¥ #ğŸ‘€ #âœˆ @ Rocky Mountains https://www.instagram.com/p/CFlL6Q0Btbs/?igshid=1m6sojianw07r",energy is currency ğŸŒŠ,"Sep 26, 2020 Â· 1:18 AM UTC",False,0,0,0,0,,,,#forestfire
https://twitter.com/RidinTheUnknown/status/1307328336205619201#m,"What a year for the lower 48s. the trip up from Bryce.   #forestfire #fire #supportfirefighters #standwithfirefighters #wildfires @ Mona, Utah https://www.instagram.com/p/CFUl9LbjpVp/?igshid=xfufv80e48n7",Riding The Unknown,"Sep 19, 2020 Â· 2:38 PM UTC",False,0,0,0,0,,,,#forestfire
https://twitter.com/sargep/status/1306681839008886784#m,"Just another day #WorkingFromHome during a #Pandemic and #ForestFire @ Beaverton, Oregon https://www.instagram.com/p/CFP_94slZcc/?igshid=3u6n03l82891",Ellias ğŸ‡ºğŸ‡¦ğŸ‡ºğŸ‡¸,"Sep 17, 2020 Â· 7:50 PM UTC",False,0,0,0,0,,,,#forestfire
https://twitter.com/BenjaminLamb/status/1306354870941872128#m,"The wildfire haze is making for some interesting skies #intheberkshires #noomwalk #wildfire #forestfire @ North Adams, Massachusetts https://www.instagram.com/p/CFNrRyrHxqt/?igshid=2inr8bhc1hsv",Benjamin Lamb,"Sep 16, 2020 Â· 10:10 PM UTC",False,0,0,0,0,,,,#forestfire
https://twitter.com/Finnsspace/status/1306334314897068041#m,"Finally! We can almost see the mountains ... #sosmoky #forestfire #theworldisburning @ North Vancouver, British Columbia https://www.instagram.com/p/CFNh7dmh2AC/?igshid=pohga5s8kt9a",Kathryn,"Sep 16, 2020 Â· 8:49 PM UTC",False,0,0,0,0,,,,#forestfire
https://twitter.com/Seahawk69/status/1306295378640166912#m,"A glorious sunrise through Smokey skies from the West Coast fires ğŸ”¥ #smoke #forestfire #sunrise @ Zionsville, Indiana https://www.instagram.com/p/CFNQOZQFJnR/?igshid=wpzztqqlddjb",Mike McNeil,"Sep 16, 2020 Â· 6:14 PM UTC",False,0,0,0,0,,,,#forestfire
https://twitter.com/Spiderxbass/status/1305990722437427201#m,Would you like to see how bad is the #smoke ? Swipe it and let me know if you can see the #mountains ... #forestfire #forestfires #air #airquality #wearamask #climatechange ???? @ Mahoney and Son's at Canada Place https://www.instagram.com/p/CFLFrlfBH5T/?igshid=1blgsmxyt89nr,Spider bass,"Sep 15, 2020 Â· 10:03 PM UTC",False,0,0,0,0,,,,#forestfire
https://twitter.com/emarkjacobs/status/1305977859350188036#m,"the great pacific north west smoke out. this is what smoke from #forestfire does to visibility. somewhere behind that whiteness is that great body of water called the #pugetsound @ Seattle, Washington https://www.instagram.com/p/CFK_1GZDk-B/?igshid=1xc7ewg0e0t3",mark jacobs vive!,"Sep 15, 2020 Â· 9:12 PM UTC",False,0,0,0,0,,,,#forestfire
https://twitter.com/JohnathonV/status/1305940173671206912#m,Pretty much the album artwork for Vancouver 2020  #stayinside #pandemic #forestfire #smoke #moth #infestation #enoughalready @ Woodward's Building https://www.instagram.com/p/CFKusZ1h1xC/?igshid=yt3gc1ce4d3b,Johnathon Strebly,"Sep 15, 2020 Â· 6:42 PM UTC",False,0,0,0,0,,,,#forestfire
https://twitter.com/jnorena28/status/1305732020828426240#m,"With low air quality due to forest fires, the best itâ€™s to stay inside with your air purifier!  Get yours NOW! ğŸ‘‡ğŸ½ https://amwy.me/f9GRsmKss #AirQuality #forestfire #lowairquality #fires #AirPurifier #clean #awesome #dm",Johan N,"Sep 15, 2020 Â· 4:55 AM UTC",False,1,2,0,1,https://pbs.twimg.com/media/Eh7kWgrUMAAlr0J.jpg,,,#forestfire
https://twitter.com/_ButlersDidIt_/status/1305560611485626368#m,"Fire in the sky â˜¹ï¸ This morning at 9 am, due to the smoke from the nearby Creek Fire. 212,000+ acres burned so far ğŸ˜¢ #wildfire #forestfire #creekfire #mammothlakes #thankyoufirefighters @ Mammoth Lakes, California https://www.instagram.com/p/CFICFu2hUA3/?igshid=7bzp4ibewssa",TheButlersDidIt,"Sep 14, 2020 Â· 5:34 PM UTC",False,0,0,1,0,,,,#forestfire
https://twitter.com/JohnathonV/status/1305286183560392705#m,"How bad is it you ask?  #really #bad #stayinside #vancouver #forestfire #airpollution @ Vancouver, British Columbia https://www.instagram.com/p/CFGFSx7hlK2/?igshid=61gbcszaevpb",Johnathon Strebly,"Sep 13, 2020 Â· 11:24 PM UTC",False,1,0,0,2,,,,#forestfire
https://twitter.com/ChrisMcArdle1/status/1304993433308876807#m,"Smoke from the fires in America, it is worse than it looks in this photo. #mysurrey #surreylife #forestfire #smokey #smoke #thicksmoke #forestfiresmoke #hazy @ Surrey, British Columbia https://www.instagram.com/p/CFEAKoEjW2p/?igshid=tqq1ympeogga",âŒ– Osha'to-ChrisâŒ– ğŸ‡¨ğŸ‡¦,"Sep 13, 2020 Â· 4:00 AM UTC",False,0,0,0,0,,,,#forestfire
https://twitter.com/akaredshasta/status/1304970357976297474#m,Hazy Colliery Dam #Nanaimo #ycd #forestfire @ Colliery Dam Park https://www.instagram.com/p/CFD1rJjDOYg/?igshid=1tu0g6e6llljq,Red Shasta,"Sep 13, 2020 Â· 2:29 AM UTC",False,0,0,0,0,,,,#forestfire
https://twitter.com/sanasseri/status/1304939815972909056#m,The difference a week can make! #vancouver #airquality #forestfire #smoke,Ali Nasseri,"Sep 13, 2020 Â· 12:27 AM UTC",False,0,1,0,2,https://pbs.twimg.com/media/EhwT2D3U4AALfRH.jpg,,,#forestfire
https://twitter.com/DavidGogoBlues/status/1304881534759886848#m,@St_Feuillien Hoping that this will help with cut the smoke a bit... #Forestfire #smoke #beeroclock,David â€œKing Of Boogieâ€ Gogo,"Sep 12, 2020 Â· 8:36 PM UTC",False,0,1,0,0,https://pbs.twimg.com/media/Ehve1SXXsAYyHon.jpg,,,#forestfire
https://twitter.com/kswansondesign/status/1304862564992524288#m,"Someone asked me if I had plans for fall and it took me a moment to realize that they meant â€œautumnâ€, not the collapse of civilization.   #SmokeAdvisory #Forestfire #itsyellowoutside #WestCoastFires","ğŸ‘‹ğŸ¼ hi, iâ€™m katie","Sep 12, 2020 Â· 7:20 PM UTC",False,0,0,0,4,,,,#forestfire
https://twitter.com/Finnsspace/status/1304857154654887936#m,Where did the mountains go??? #Forestfire #SmokeAdvisory #NorthVan,Kathryn,"Sep 12, 2020 Â· 6:59 PM UTC",False,0,2,0,2,https://pbs.twimg.com/media/EhvIqMcUcAA5ttU.jpg,,,#forestfire
https://twitter.com/poovannact/status/1304840118054711296#m,Many people think #wildfires are natural. This is not natural or an act of god. This has happened because we have changed the climate in dramatic ways. #ClimateChange #Forestfire #wildfires #CaliforniaFires #OregonWildfires2020,Dr. Pete Poovanna,"Sep 12, 2020 Â· 5:51 PM UTC",False,0,1,0,6,,,,#forestfire
https://twitter.com/muppimhuppim/status/1304819859306373122#m,"Oh thanks! Yeah, eerie is a good word for this.  Here's the companion shot.  #photography #seattlesmoke #Forestfire #Seattle",Mark Puddleglum,"Sep 12, 2020 Â· 4:31 PM UTC",False,1,1,0,5,https://pbs.twimg.com/media/EhumvzqUwAELWtP.jpg,,,#forestfire
https://twitter.com/elledare__/status/1304617123159785472#m,Tonightâ€™s smoky Vancouver sky. Thoughts to the south again. #forestfire,Elle Dare âœï¸,"Sep 12, 2020 Â· 3:05 AM UTC",False,0,0,0,1,https://pbs.twimg.com/media/EhruWw7VgAAaWHT.jpg,,,#forestfire
https://twitter.com/daedalas1981/status/1304610892999467009#m,Thanks for the smoke Washington ğŸ˜· #fortlangley #bc #canada #smoke #scenic #forestfire ğŸ”¥ğŸ’¨ @ Aldor Acres Ltd. https://www.instagram.com/p/CFBSNSeBD_e/?igshid=1fcrqzfly2qe7,Robert Cole,"Sep 12, 2020 Â· 2:40 AM UTC",False,0,0,0,0,,,,#forestfire
https://twitter.com/AnnLadenberger/status/1304609645500260352#m,"I feel like I've cried enough tears over the divisions and hatreds in America to douse a #Forestfire. I haven't, but it feels that way. ğŸ˜”",Ann Ladenberger,"Sep 12, 2020 Â· 2:35 AM UTC",False,2,0,0,6,,,,#forestfire
https://twitter.com/ChrisMcArdle1/status/1304575363243180034#m,"Smoke on the Fraser River. #smoke #forestfire #river #smokey #airadvisory #skytrain @ Surrey, British Columbia https://www.instagram.com/p/CFBCDL7jBB_/?igshid=15odxx7348yeq",âŒ– Osha'to-ChrisâŒ– ğŸ‡¨ğŸ‡¦,"Sep 12, 2020 Â· 12:19 AM UTC",False,0,0,0,0,,,,#forestfire
https://twitter.com/global_amigos/status/1304430968019746818#m,"Pray for California #pray #california #sanfrancisco #goldengate #goldengatebridge #fire #forestfire #ã‚µãƒ³ãƒ•ãƒ©ãƒ³ã‚·ã‚¹ã‚³ #å±±ç«äº‹ #ã‚«ãƒªãƒ•ã‚©ãƒ«ãƒ‹ã‚¢ å ´æ‰€: Golden Gate Brige, San Francisco https://www.instagram.com/p/CFAAY4BHZVJ/?igshid=sdm6s6w8n795",Michitmo Eguchi,"Sep 11, 2020 Â· 2:45 PM UTC",False,0,0,0,0,,,,#forestfire
https://twitter.com/global_amigos/status/1304428439643066370#m,OMG !  San Francisco becomes like Mars  left picture was 2020 January right was 2020 August #sanfrancisco #goldengatebridge #mars #fire #forestfire #ç«æ˜Ÿ #å±±ç«äº‹ #ã‚µãƒ³ãƒ•ãƒ©ãƒ³ã‚·ã‚¹ã‚³ #ã‚´ãƒ¼ãƒ«ãƒ‡ãƒ³ã‚²ãƒ¼ãƒˆãƒ–ãƒªãƒƒã‚¸ #é‡‘é–€æ©‹ #é‡‘é–€ https://www.instagram.com/p/CE__PKDH8VF/?igshid=v62ioy9rmqf,Michitmo Eguchi,"Sep 11, 2020 Â· 2:35 PM UTC",False,0,0,0,0,,,,#forestfire
https://twitter.com/SebiMX_Pictures/status/1304290707524530177#m,"I know the circumstances are horrible but damned that photo is sick !!! Shot on Salem at noon !! #prayforsalem #prayfororegon #prayfororegonfirefighters #forestfire Ã  Salem, Oregon https://www.instagram.com/p/CE_AmqYhLuG/?igshid=kpj2y1aw5nkb",ğŸ“¸ ğ•¾ğ–Šğ–‡ğ– ğ–‘ğ–Š ğ•»ğ–ğ–”ğ–™ğ–”ğ–Œğ–—ğ–†ğ–•ğ–ğ–ğ–˜ğ–™ğ–Š ğŸ“¸,"Sep 11, 2020 Â· 5:28 AM UTC",False,0,0,0,0,,,,#forestfire
https://twitter.com/craftcratical/status/1303868190598938625#m,I feel like I'm living in #Mars the gold glow through the window is eerie #oregonwildfires #Portlandfire #Forestfire #pdx #WeatherUpdate,It's CraftcraticalğŸ§¶ğŸ¤“,"Sep 10, 2020 Â· 1:29 AM UTC",False,2,0,0,2,,,https://video.twimg.com/tweet_video/EhhFNDmUwAAyjPk.mp4,#forestfire
https://twitter.com/mkbbhm2012/status/1303858875569848321#m,"Heading from Springfield to our home town of Cottage Grove, Oregon... Forest fire smoke everywhere! Our beautiful state is burning up! Our hearts are breaking! ğŸ’”ğŸ’”#forestfire #forestfiresmoke #oregonfiresâ€¦ https://www.instagram.com/p/CE78OtUMjok/?igshid=90azgmcgm9s2",Mike Bachelder,"Sep 10, 2020 Â· 12:52 AM UTC",False,0,0,0,3,,,,#forestfire
https://twitter.com/NavasLuisFeR/status/1303857085025849346#m,"Some pretty/scary pictures of the smoke in Portland.  #ForestFire #Oregon @ Portland, Oregon https://www.instagram.com/p/CE77anxhZWY/?igshid=3f5vc8p853l7",Luisfe,"Sep 10, 2020 Â· 12:45 AM UTC",False,0,0,0,0,,,,#forestfire
https://twitter.com/TheCascadeHiker/status/1303714593328574464#m,"Lightning! New windstorm video will be out today and itâ€™s likely Iâ€™ll be working on some sort of fire video soon. Stay tuned here, on my Twitter, and on my YouTube! #fire #wildfire #forestfire #lightning #stormâ€¦ https://www.instagram.com/p/CE66nrfnumD/?igshid=188yiv36owlvu",TheCascadeHiker,"Sep 9, 2020 Â· 3:19 PM UTC",False,0,0,0,0,,,,#forestfire
https://twitter.com/TheParanormalPI/status/1303531654120648704#m,"ğŸ”‰ SOUND ON ğŸ”‰ Mother Nature is not a happy girl at the moment, someone buy her chocolate and diamonds quick! ğŸ˜  Ã—Ã—Ã—Ã—Ã—Ã—Ã—Ã—Ã—Ã—Ã—Ã—Ã—Ã—Ã—Ã—Ã—Ã—Ã—Ã—Ã—Ã—Ã—Ã—Ã—Ã—  #forestfire #fire #eerie #creepy #smoke #fires #burning #mothernatureâ€¦ https://www.instagram.com/p/CE5nEBNpZo6/?igshid=khu1k37gzq2j",ParanormalPI,"Sep 9, 2020 Â· 3:12 AM UTC",False,0,0,0,0,,,,#forestfire
https://twitter.com/SwEEEtToothBakr/status/1303531522432135168#m,"#apocalypse #oregoncoast #fire #forestfire #tillamook #itsdarkout #baycity #oregon @ Bay City, Oregon https://www.instagram.com/p/CE5nVn6gu76/?igshid=1nndz26svznc5",Fletch Err,"Sep 9, 2020 Â· 3:11 AM UTC",False,0,0,0,0,,,,#forestfire
https://twitter.com/thriveonlive/status/1303492587152650246#m,"Smoke filled skies an hour north of the border today in Coquitlam, due to wildfires in Washington State.  If it is this bad here...Stay safe my PNW friends! â€¢ #coquitlam #burkemountain #pnw #wildfire #forestfireâ€¦ https://www.instagram.com/p/CE5VqNthude/?igshid=1413euek03oy",Melinda Howlett Gill,"Sep 9, 2020 Â· 12:37 AM UTC",False,0,1,0,0,,,,#forestfire
https://twitter.com/goodgnus/status/1303451946989367296#m,"We're the blue dot. This is insane.  #wildfires #idiotswithguns #tanneritedummies #fucktannerite #forestfire #fuckdeerump #fuck45 #fuck2020 @ Mesa, Arizona https://www.instagram.com/p/CE5DLj5HnK3/?igshid=1gzj5s0oom8d",Tom,"Sep 8, 2020 Â· 9:55 PM UTC",False,0,0,0,0,,,,#forestfire
https://twitter.com/osubuck1972/status/1303438863885426688#m,#utahwind #Utah #weather #PictureOfTheDay #COVID19 Had a meeting in Salt Lake that was canceled. #PictureOfTheDay #windstorm #Forestfire waiting for the Locus to show up. 50 degree temperature change. #America #apocalypse2020 #LOL #surreal At least some phenomenal tunes @SIRIUSXM,Aaron Christian,"Sep 8, 2020 Â· 9:03 PM UTC",False,0,0,0,2,https://pbs.twimg.com/media/Eha-u9RUwAAMCig.jpg,,,#forestfire
https://twitter.com/TheCascadeHiker/status/1303436177115095041#m,"Where thereâ€™s smoke, thereâ€™s fire.   Check my YouTube Channel (TheCascadeHiker) for a new video about the windstorm later this afternoon!   #fire #forestfire #wildfire #forest #pnw #westcoast #westcoastbestcoastâ€¦ https://www.instagram.com/p/CE48AhoHjO8/?igshid=15i3mbgsb5mos",TheCascadeHiker,"Sep 8, 2020 Â· 8:52 PM UTC",False,0,0,0,0,,,,#forestfire
https://twitter.com/robtdvis/status/1303387576498229251#m,Corrected toward red #Forestfire smoke south of Salem Oregon,R Davis,"Sep 8, 2020 Â· 5:39 PM UTC",False,0,1,0,2,https://pbs.twimg.com/media/EhaQF2PUcAA0Xeb.jpg,,,#forestfire
https://twitter.com/stumowrestler/status/1303349697973714945#m,ğŸ”¥ğŸ”¥ğŸ”¥ . . . Thank you firefighters! . . . #firefighters #firefighting #fire #support #local #localartist #thankyoufirefighters #thankyou #forestfire #oregon #grantspass #medford #illustrations #signs #tattoosâ€¦ https://www.instagram.com/p/CE4UrwSliKD/?igshid=96q2fmi7mb5,Stu Moss Art,"Sep 8, 2020 Â· 3:09 PM UTC",False,0,0,0,0,,,,#forestfire
https://twitter.com/moontsunami/status/1303176667108646913#m,Can barely see across the river...  #myworldsonfirehowaboutyours #sellwood #sellwoodoregon #sellwoodbridge #2020sucks #fire #forestfire #listentosmokeythebear #dontbestupid #portland #pdx #oregon @ Sellwoodâ€¦ https://www.instagram.com/p/CE3F_1bhqOE/?igshid=133unmho11s5n,Bobbi Kaye Kupfner ğŸ’–ğŸ’œğŸ’™,"Sep 8, 2020 Â· 3:41 AM UTC",False,0,0,0,0,,,,#forestfire
https://twitter.com/IETEF/status/1303168157092319235#m,ğŸ˜‘ If I can just turn the left a little bit that would be great. #snowzone  ğŸ’†ğŸ¾â€â™‚ï¸ #fire #forestfire @ Five Points https://www.instagram.com/p/CE3CIN4AT80/?igshid=1jlsa4wms7ol0,CHEF iETEF aka DJ CAVEM,"Sep 8, 2020 Â· 3:07 AM UTC",False,0,0,0,0,,,,#forestfire
https://twitter.com/larry_bud/status/1303163947055558656#m,"Mad Creek Fire time lapse, 3:45pm. Viewed from the top of the Thunderhead chairlift. . . . #SteamboatSprings #SteamboatSpringsColorado #SteamboatSnaps #MadCreekForestFire #madcreekfire #forestfire #photographyâ€¦ https://www.instagram.com/p/CE2_ncBh1VY/?igshid=xtm70oscwx78",Larry Budwig,"Sep 8, 2020 Â· 2:51 AM UTC",False,0,0,0,0,,,,#forestfire
https://twitter.com/larry_bud/status/1303158582922403843#m,"Mad Creek Fire north of Steamboat. Thankfully, a snow storm is forecasted for tomorrow.  . . . #SteamboatSprings #SteamboatSpringsColorado #SteamboatSnaps #ForestFire #MadCreekFire #photography @ Steamboat Springs,â€¦ https://www.instagram.com/p/CE29xcXhonX/?igshid=u1agjot4gant",Larry Budwig,"Sep 8, 2020 Â· 2:29 AM UTC",False,0,0,0,0,,,,#forestfire
https://twitter.com/lawofscott/status/1302841681947930624#m,A picture I took on my way back to Estes Park via Trail Ridge Road.  #cameronpeakfire #forestfire #rmnp #colorado #trailridgeroad @ Trail Ridge Road https://www.instagram.com/p/CE0tqeKhTt_/?igshid=1wjh9wz9etsea,Curious Scott,"Sep 7, 2020 Â· 5:30 AM UTC",False,0,1,0,3,,,,#forestfire
https://twitter.com/TLCinema/status/1302790793057439744#m,"CA is burning, stay safe everyone, and thank your firefighters. â£ .â£ .â£ .â£ .â£ .â£ #staysafe #wildfires #firefighters #earth #forestfires #forestfire #photography #california #northerncalifornia #californiawildfiresâ€¦ https://www.instagram.com/p/CE0Whdtshh7/?igshid=1r9gxzhpgyv4n",Tyler Lee Cushing,"Sep 7, 2020 Â· 2:08 AM UTC",False,0,0,0,0,,,,#forestfire
https://twitter.com/theoutdoors/status/1302627104836603905#m,"Wildfires suck. #wildfires #mtwashington #oregoncascades #forestfire @ Mt. Washington,Oregon https://www.instagram.com/p/CEzMFZrgFVm/?igshid=1gwq6efn853ag",Jeremy Henricks,"Sep 6, 2020 Â· 3:17 PM UTC",False,0,0,0,0,,,,#forestfire
https://twitter.com/philmckinney/status/1302392461109542912#m,The fire north of Rocky Mountain National Park (@rockynps) is putting up a lot of smoke.  #rmnp #nationalparkservice #rockymountains #frontrange #northerncolorado #Colorado #colorado #outdoors #outdoor #firefighter #fire #wildfire #forest #forestfire #forestfires,Phil McKinney,"Sep 5, 2020 Â· 11:45 PM UTC",False,1,0,1,3,https://pbs.twimg.com/media/EhMHCllU4AE7EuR.jpg,,,#forestfire
https://twitter.com/TimNorthburg/status/1302389536912060416#m,The forest fire here is crazy. Been burning for three weeks now Iâ€™m the high mountains. That is not a cloud but a plume of smoke going for miles. Ash is landing g down here at the foothills. #colorado #fortcollins #forestfire,Tim Northburg,"Sep 5, 2020 Â· 11:33 PM UTC",False,0,1,1,2,https://pbs.twimg.com/media/EhMEX2BU0AIPDs8.jpg,,,#forestfire
https://twitter.com/TheMaxwellsMad/status/1302332302412873729#m,"Wild fire on the mountain. Day 2 #365outmybackdoor #montana #forestfire @ Bozeman, Montana https://www.instagram.com/p/CExGBmxJBbI/?igshid=1q7xp63st8p3m",Heidi Maxwell,"Sep 5, 2020 Â· 7:46 PM UTC",False,0,0,0,0,,,,#forestfire
https://twitter.com/NhatVMeyer/status/1297790418625728518#m,"See the Mercury News for complete fire coverage. â €â €â €â €â €â €â €â €â € CZU Lightning Complex fire on Sunday... â €â €â €â €â €â €â €â €â € #mercnews #bouldercreek #santacruz #forestfire #fire #czucomplexfire @ Boulder Creek, California https://www.instagram.com/p/CEQ0nVKl1mD/?igshid=199wjeqyu6be",Nhat V. Meyer,"Aug 24, 2020 Â· 6:58 AM UTC",False,0,1,0,1,,,,#forestfire
https://twitter.com/Robertial/status/1297677702804242437#m,Make America Green Again. @realDonaldTrump #Forestfire  ğŸŒ¿ ğŸ”¥ #100DaysOfProjects #programmingisfun #ProgrammingJokes #100DaysOfCode https://invidious.no-logs.com/watch?v=8Moyc3TeyDE&feature=share #AztecFireGod #G0D$ $Loans,ğ“‚€ Rà²¹Ø· Ø·ot î¨€,"Aug 23, 2020 Â· 11:30 PM UTC",False,1,5,0,2,,,https://video.twimg.com/tweet_video/EgJG_SpXgAA6HlY.mp4,#forestfire
https://twitter.com/DonNeigel/status/1296566895148244992#m,Enjoying a beer at @HatcheryBrewing in #penticton avoiding the #forestfire The #whatthefog NE IPA was great! @ Slackwater Brewing https://www.instagram.com/p/CEIIOHZBawU/?igshid=sky1zijjzuwe,beer traveler,"Aug 20, 2020 Â· 9:56 PM UTC",False,0,0,0,0,,,,#forestfire
https://twitter.com/AlbertaSnowbird/status/1296251728552013824#m,Smoke blowing in or storm? 19:00 looking west  #abstorm #highriver #okotoks #yyc #forestfire,SnowbirdsInTraining,"Aug 20, 2020 Â· 1:04 AM UTC",False,0,0,0,0,https://pbs.twimg.com/media/Ef02EszUcAA9xeW.jpg,,,#forestfire
https://twitter.com/mcbean409/status/1295903855163580416#m,Can't watch #DNC2020 because of local fires and power outages. @DNC  USA! USA! USA! USA! ğŸ‡ºğŸ‡¸   #InternetInfastructure #ClimateChange #AbolishICEToFundNaturalDisaters #HennesseyFire #1510Fire #Forestfire,Danny Garibay,"Aug 19, 2020 Â· 2:02 AM UTC",False,0,0,0,1,,,https://video.twimg.com/tweet_video/Efv5kCfVAAAqlH0.mp4,#forestfire
